document,title,document_ru,document_type,source,document_length,question,correct_answer,question_ru,answer_ru,is_test_case,question_length,question_type,answer,answer_length,answer_to_document_ratio
"The advancement of Chain-of-Thought (CoT) reasoning has significantly
enhanced the capabilities of large language models (LLMs) and large
vision-language models (LVLMs). However, a rigorous evaluation framework for
video CoT reasoning remains absent. Current video benchmarks fail to adequately
assess the reasoning process and expose whether failures stem from deficiencies
in perception or reasoning capabilities. Therefore, we introduce VCR-Bench, a
novel benchmark designed to comprehensively evaluate LVLMs' Video
Chain-of-Thought Reasoning capabilities. VCR-Bench comprises 859 videos
spanning a variety of video content and durations, along with 1,034
high-quality question-answer pairs. Each pair is manually annotated with a
stepwise CoT rationale, where every step is tagged to indicate its association
with the perception or reasoning capabilities. Furthermore, we design seven
distinct task dimensions and propose the CoT score to assess the entire CoT
process based on the stepwise tagged CoT rationals. Extensive experiments on
VCR-Bench highlight substantial limitations in current LVLMs. Even the
top-performing model, o1, only achieves a 62.8% CoT score and an 56.7%
accuracy, while most models score below 40%. Experiments show most models score
lower on perception than reasoning steps, revealing LVLMs' key bottleneck in
temporal-spatial information processing for complex video reasoning. A robust
positive correlation between the CoT score and accuracy confirms the validity
of our evaluation framework and underscores the critical role of CoT reasoning
in solving complex video reasoning tasks. We hope VCR-Bench to serve as a
standardized evaluation framework and expose the actual drawbacks in complex
video reasoning task.",VCR-Bench: A Comprehensive Evaluation Framework for Video Chain-of-Thought Reasoning,,scientific,arXiv_new,1748,,,,,,,,,0,0.0
"Cartoon avatars have been widely used in various applications, including
social media, online tutoring, and gaming. However, existing cartoon avatar
datasets and generation methods struggle to present highly expressive avatars
with fine-grained facial expressions and are often inspired from real-world
identities, raising privacy concerns. To address these challenges, we propose a
novel framework, GenEAva, for generating high-quality cartoon avatars with
fine-grained facial expressions. Our approach fine-tunes a state-of-the-art
text-to-image diffusion model to synthesize highly detailed and expressive
facial expressions. We then incorporate a stylization model that transforms
these realistic faces into cartoon avatars while preserving both identity and
expression. Leveraging this framework, we introduce the first expressive
cartoon avatar dataset, GenEAva 1.0, specifically designed to capture 135
fine-grained facial expressions, featuring 13,230 expressive cartoon avatars
with a balanced distribution across genders, racial groups, and age ranges. We
demonstrate that our fine-tuned model generates more expressive faces than the
state-of-the-art text-to-image diffusion model SDXL. We also verify that the
cartoon avatars generated by our framework do not include memorized identities
from fine-tuning data. The proposed framework and dataset provide a diverse and
expressive benchmark for future research in cartoon avatar generation.",GenEAva: Generating Cartoon Avatars with Fine-Grained Facial Expressions from Realistic Diffusion-based Faces,,scientific,arXiv_new,1451,,,,,,,,,0,0.0
"Generative AI presents a profound challenge to traditional notions of human
uniqueness, particularly in creativity. Fueled by neural network based
foundation models, these systems demonstrate remarkable content generation
capabilities, sparking intense debates about authorship, copyright, and
intelligence itself. This paper argues that generative AI represents an
alternative form of intelligence and creativity, operating through mathematical
pattern synthesis rather than biological understanding or verbatim replication.
The fundamental differences between artificial and biological neural networks
reveal AI learning as primarily statistical pattern extraction from vast
datasets crystallized forms of collective human knowledge scraped from the
internet. This perspective complicates copyright theft narratives and
highlights practical challenges in attributing AI outputs to individual
sources. Rather than pursuing potentially futile legal restrictions, we
advocate for human AI synergy. By embracing generative AI as a complementary
tool alongside human intuition, context, and ethical judgment, society can
unlock unprecedented innovation, democratize creative expression, and address
complex challenges. This collaborative approach, grounded in realistic
understanding of AIs capabilities and limitations, offers the most promising
path forward. Additionally, recognizing these models as products of collective
human knowledge raises ethical questions about accessibility ensuring equitable
access to these tools could prevent widening societal divides and leverage
their full potential for collective benefit.","We Are All Creators: Generative AI, Collective Knowledge, and the Path Towards Human-AI Synergy",,scientific,arXiv_new,1622,,,,,,,,,0,0.0
"In this note, we discuss the identifiability of a total effect in
cluster-DAGs, allowing for cycles within the cluster-DAG (while still assuming
the associated underlying DAG to be acyclic). This is presented into two key
results: first, restricting the cluster-DAG to clusters containing at most four
nodes; second, adapting the notion of d-separation. We provide a graphical
criterion to address the identifiability problem.",Note on the identification of total effect in Cluster-DAGs with cycles,,scientific,arXiv_new,426,,,,,,,,,0,0.0
"Next-venue recommender systems are increasingly embedded in location-based
services, shaping individual mobility decisions in urban environments. While
their predictive accuracy has been extensively studied, less attention has been
paid to their systemic impact on urban dynamics. In this work, we introduce a
simulation framework to model the human-AI feedback loop underpinning
next-venue recommendation, capturing how algorithmic suggestions influence
individual behavior, which in turn reshapes the data used to retrain the
models. Our simulations, grounded in real-world mobility data, systematically
explore the effects of algorithmic adoption across a range of recommendation
strategies. We find that while recommender systems consistently increase
individual-level diversity in visited venues, they may simultaneously amplify
collective inequality by concentrating visits on a limited subset of popular
places. This divergence extends to the structure of social co-location
networks, revealing broader implications for urban accessibility and spatial
segregation. Our framework operationalizes the feedback loop in next-venue
recommendation and offers a novel lens through which to assess the societal
impact of AI-assisted mobility-providing a computational tool to anticipate
future risks, evaluate regulatory interventions, and inform the design of ethic
algorithmic systems.",The Urban Impact of AI: Modeling Feedback Loops in Next-Venue Recommendation,,scientific,arXiv_new,1386,,,,,,,,,0,0.0
"Unsupervised zero-shot reinforcement learning (RL) has emerged as a powerful
paradigm for pretraining behavioral foundation models (BFMs), enabling agents
to solve a wide range of downstream tasks specified via reward functions in a
zero-shot fashion, i.e., without additional test-time learning or planning.
This is achieved by learning self-supervised task embeddings alongside
corresponding near-optimal behaviors and incorporating an inference procedure
to directly retrieve the latent task embedding and associated policy for any
given reward function. Despite promising results, zero-shot policies are often
suboptimal due to errors induced by the unsupervised training process, the
embedding, and the inference procedure. In this paper, we focus on devising
fast adaptation strategies to improve the zero-shot performance of BFMs in a
few steps of online interaction with the environment while avoiding any
performance drop during the adaptation process. Notably, we demonstrate that
existing BFMs learn a set of skills containing more performant policies than
those identified by their inference procedure, making them well-suited for fast
adaptation. Motivated by this observation, we propose both actor-critic and
actor-only fast adaptation strategies that search in the low-dimensional
task-embedding space of the pre-trained BFM to rapidly improve the performance
of its zero-shot policies on any downstream task. Notably, our approach
mitigates the initial ""unlearning"" phase commonly observed when fine-tuning
pre-trained RL models. We evaluate our fast adaptation strategies on top of
four state-of-the-art zero-shot RL methods in multiple navigation and
locomotion domains. Our results show that they achieve 10-40% improvement over
their zero-shot performance in a few tens of episodes, outperforming existing
baselines.",Fast Adaptation with Behavioral Foundation Models,,scientific,arXiv_new,1837,,,,,,,,,0,0.0
"Recent advances in inference-time compute have significantly improved
performance on complex tasks by generating long chains of thought (CoTs) using
Large Reasoning Models (LRMs). However, this improved accuracy comes at the
cost of high inference latency due to the length of generated reasoning
sequences and the autoregressive nature of decoding. Our key insight in
tackling these overheads is that LRM inference, and the reasoning that it
embeds, is highly tolerant of approximations: complex tasks are typically
broken down into simpler steps, each of which brings utility based on the
semantic insight it provides for downstream steps rather than the exact tokens
it generates. Accordingly, we introduce SpecReason, a system that automatically
accelerates LRM inference by using a lightweight model to (speculatively) carry
out simpler intermediate reasoning steps and reserving the costly base model
only to assess (and potentially correct) the speculated outputs. Importantly,
SpecReason's focus on exploiting the semantic flexibility of thinking tokens in
preserving final-answer accuracy is complementary to prior speculation
techniques, most notably speculative decoding, which demands token-level
equivalence at each step. Across a variety of reasoning benchmarks, SpecReason
achieves 1.5-2.5$\times$ speedup over vanilla LRM inference while improving
accuracy by 1.0-9.9\%. Compared to speculative decoding without SpecReason,
their combination yields an additional 19.4-44.2\% latency reduction. We
open-source SpecReason at https://github.com/ruipeterpan/specreason.",SpecReason: Fast and Accurate Inference-Time Compute via Speculative Reasoning,,scientific,arXiv_new,1581,,,,,,,,,0,0.0
"Large Language Models (LLMs) have revolutionized artificial intelligence,
driving advancements in machine translation, summarization, and conversational
agents. However, their increasing integration into critical societal domains
has raised concerns about embedded biases, which can perpetuate stereotypes and
compromise fairness. These biases stem from various sources, including
historical inequalities in training data, linguistic imbalances, and
adversarial manipulation. Despite mitigation efforts, recent studies indicate
that LLMs remain vulnerable to adversarial attacks designed to elicit biased
responses. This work proposes a scalable benchmarking framework to evaluate LLM
robustness against adversarial bias elicitation. Our methodology involves (i)
systematically probing models with a multi-task approach targeting biases
across various sociocultural dimensions, (ii) quantifying robustness through
safety scores using an LLM-as-a-Judge approach for automated assessment of
model responses, and (iii) employing jailbreak techniques to investigate
vulnerabilities in safety mechanisms. Our analysis examines prevalent biases in
both small and large state-of-the-art models and their impact on model safety.
Additionally, we assess the safety of domain-specific models fine-tuned for
critical fields, such as medicine. Finally, we release a curated dataset of
bias-related prompts, CLEAR-Bias, to facilitate systematic vulnerability
benchmarking. Our findings reveal critical trade-offs between model size and
safety, aiding the development of fairer and more robust future language
models.",Benchmarking Adversarial Robustness to Bias Elicitation in Large Language Models: Scalable Automated Assessment with LLM-as-a-Judge,,scientific,arXiv_new,1603,,,,,,,,,0,0.0
"We propose the Dual Engines of Thoughts (DEoT), an analytical framework for
comprehensive open-ended reasoning. While traditional reasoning frameworks
primarily focus on finding ""the best answer"" or ""the correct answer"" for
single-answer problems, DEoT is specifically designed for ""open-ended
questions,"" enabling both broader and deeper analytical exploration. The
framework centers on three key components: a Base Prompter for refining user
queries, a Solver Agent that orchestrates task decomposition, execution, and
validation, and a Dual-Engine System consisting of a Breadth Engine (to explore
diverse impact factors) and a Depth Engine (to perform deep investigations).
This integrated design allows DEoT to balance wide-ranging coverage with
in-depth analysis, and it is highly customizable, enabling users to adjust
analytical parameters and tool configurations based on specific requirements.
Experimental results show that DEoT excels in addressing complex, multi-faceted
questions, achieving a total win rate of 77-86% compared to existing reasoning
models, thus highlighting its effectiveness in real-world applications.",Dual Engines of Thoughts: A Depth-Breadth Integration Framework for Open-Ended Analysis,,scientific,arXiv_new,1134,,,,,,,,,0,0.0
"We present Pangu Ultra, a Large Language Model (LLM) with 135 billion
parameters and dense Transformer modules trained on Ascend Neural Processing
Units (NPUs). Although the field of LLM has been witnessing unprecedented
advances in pushing the scale and capability of LLM in recent years, training
such a large-scale model still involves significant optimization and system
challenges. To stabilize the training process, we propose depth-scaled sandwich
normalization, which effectively eliminates loss spikes during the training
process of deep models. We pre-train our model on 13.2 trillion diverse and
high-quality tokens and further enhance its reasoning capabilities during
post-training. To perform such large-scale training efficiently, we utilize
8,192 Ascend NPUs with a series of system optimizations. Evaluations on
multiple diverse benchmarks indicate that Pangu Ultra significantly advances
the state-of-the-art capabilities of dense LLMs such as Llama 405B and Mistral
Large 2, and even achieves competitive results with DeepSeek-R1, whose sparse
model structure contains much more parameters. Our exploration demonstrates
that Ascend NPUs are capable of efficiently and effectively training dense
models with more than 100 billion parameters. Our model and system will be
available for our commercial customers.",Pangu Ultra: Pushing the Limits of Dense Large Language Models on Ascend NPUs,,scientific,arXiv_new,1328,,,,,,,,,0,0.0
"Text-to-speech (TTS) technology has achieved impressive results for widely
spoken languages, yet many under-resourced languages remain challenged by
limited data and linguistic complexities. In this paper, we present a novel
methodology that integrates a data-optimized framework with an advanced
acoustic model to build high-quality TTS systems for low-resource scenarios. We
demonstrate the effectiveness of our approach using Thai as an illustrative
case, where intricate phonetic rules and sparse resources are effectively
addressed. Our method enables zero-shot voice cloning and improved performance
across diverse client applications, ranging from finance to healthcare,
education, and law. Extensive evaluations - both subjective and objective -
confirm that our model meets state-of-the-art standards, offering a scalable
solution for TTS production in data-limited settings, with significant
implications for broader industry adoption and multilingual accessibility.","Empowering Global Voices: A Data-Efficient, Phoneme-Tone Adaptive Approach to High-Fidelity Speech Synthesis",,scientific,arXiv_new,976,,,,,,,,,0,0.0
"Aligning large language models with human preferences is crucial for their
safe deployment. While Direct Preference Optimization (DPO) offers an efficient
alternative to reinforcement learning from human feedback, traditional DPO
methods are limited by their reliance on single preference pairs. Recent work
like Curriculum-DPO integrates multiple pairs using a one-dimensional
difficulty curriculum based on pairwise distinguishability (PD), but overlooks
the complexity of the input prompt itself. To address this, we propose
2D-Curri-DPO, a novel framework employing a two-dimensional curriculum that
jointly models Prompt Complexity (PC) and Pairwise Distinguishability. This
framework introduces dual difficulty metrics to quantify prompt semantic
complexity and response preference clarity, defines a curriculum strategy space
encompassing multiple selectable strategies for task adaptation, and
incorporates a KL-divergence-based adaptive mechanism for dynamic reference
model updates to enhance training stability. Comprehensive experiments
demonstrate that 2D-Curri-DPO significantly outperforms standard DPO and prior
curriculum methods across multiple benchmarks, including MT-Bench, Vicuna
Bench, and WizardLM. Our approach achieves state-of-the-art performance on
challenging test sets like UltraFeedback. Ablation studies confirm the benefits
of the 2D structure and adaptive mechanisms, while analysis provides guidance
for strategy selection. These findings demonstrate that effective alignment
requires modeling both prompt complexity and pairwise distinguishability,
establishing adaptive, multi-dimensional curriculum learning as a powerful and
interpretable new paradigm for preference-based language model optimization.",2D-Curri-DPO: Two-Dimensional Curriculum Learning for Direct Preference Optimization,,scientific,arXiv_new,1740,,,,,,,,,0,0.0
"Practically all large language models have been pre-trained on data that is
subject to global uncertainty related to copyright infringement and breach of
contract. This creates potential risk for users and developers due to this
uncertain legal status. The KL3M Data Project directly confronts this critical
issue by introducing the largest comprehensive training data pipeline that
minimizes risks related to copyright or breach of contract. The foundation of
this project is a corpus of over 132 million documents and trillions of tokens
spanning 16 different sources that have been verified to meet the strict
copyright and licensing protocol detailed herein. We are releasing the entire
pipeline, including 1) the source code to acquire and process these documents,
2) the original document formats with associated provenance and metadata, 3)
extracted content in a standardized format, 4) pre-tokenized representations of
the documents, and 5) various mid- and post-train resources such as
question-answer, summarization, conversion, drafting, classification,
prediction, and conversational data. All of these resources are freely
available to the public on S3, Hugging Face, and GitHub under CC-BY terms. We
are committed to continuing this project in furtherance of a more ethical,
legal, and sustainable approach to the development and use of AI models.",The KL3M Data Project: Copyright-Clean Training Resources for Large Language Models,,scientific,arXiv_new,1361,,,,,,,,,0,0.0
"A popular approach to neurosymbolic AI is to take the output of the last
layer of a neural network, e.g. a softmax activation, and pass it through a
sparse computation graph encoding certain logical constraints one wishes to
enforce. This induces a probability distribution over a set of random
variables, which happen to be conditionally independent of each other in many
commonly used neurosymbolic AI models. Such conditionally independent random
variables have been deemed harmful as their presence has been observed to
co-occur with a phenomenon dubbed deterministic bias, where systems learn to
deterministically prefer one of the valid solutions from the solution space
over the others. We provide evidence contesting this conclusion and show that
the phenomenon of deterministic bias is an artifact of improperly applying
neurosymbolic AI.",Independence Is Not an Issue in Neurosymbolic AI,,scientific,arXiv_new,847,,,,,,,,,0,0.0
"PIBT is a popular Multi-Agent Path Finding (MAPF) method at the core of many
state-of-the-art MAPF methods including LaCAM, CS-PIBT, and WPPL. The main
utility of PIBT is that it is a very fast and effective single-step MAPF solver
and can return a collision-free single-step solution for hundreds of agents in
less than a millisecond. However, the main drawback of PIBT is that it is
extremely greedy in respect to its priorities and thus leads to poor solution
quality. Additionally, PIBT cannot use all the planning time that might be
available to it and returns the first solution it finds. We thus develop
Anytime PIBT, which quickly finds a one-step solution identically to PIBT but
then continuously improves the solution in an anytime manner. We prove that
Anytime PIBT converges to the optimal solution given sufficient time. We
experimentally validate that Anytime PIBT can rapidly improve single-step
solution quality within milliseconds and even find the optimal single-step
action. However, we interestingly find that improving the single-step solution
quality does not have a significant effect on full-horizon solution costs.",Anytime Single-Step MAPF Planning with Anytime PIBT,,scientific,arXiv_new,1140,,,,,,,,,0,0.0
"Large Language Models (LLMs) have transformed human-computer interaction by
enabling natural language-based communication with AI-powered chatbots. These
models are designed to be intuitive and user-friendly, allowing users to
articulate requests with minimal effort. However, despite their accessibility,
studies reveal that users often struggle with effective prompting, resulting in
inefficient responses. Existing research has highlighted both the limitations
of LLMs in interpreting vague or poorly structured prompts and the difficulties
users face in crafting precise queries. This study investigates learner-AI
interactions through an educational experiment in which participants receive
structured guidance on effective prompting. We introduce and compare three
types of prompting guidelines: a task-specific framework developed through a
structured methodology and two baseline approaches. To assess user behavior and
prompting efficacy, we analyze a dataset of 642 interactions from 107 users.
Using Von NeuMidas, an extended pragmatic annotation schema for LLM interaction
analysis, we categorize common prompting errors and identify recurring
behavioral patterns. We then evaluate the impact of different guidelines by
examining changes in user behavior, adherence to prompting strategies, and the
overall quality of AI-generated responses. Our findings provide a deeper
understanding of how users engage with LLMs and the role of structured
prompting guidance in enhancing AI-assisted communication. By comparing
different instructional frameworks, we offer insights into more effective
approaches for improving user competency in AI interactions, with implications
for AI literacy, chatbot usability, and the design of more responsive AI
systems.",Understanding Learner-LLM Chatbot Interactions and the Impact of Prompting Guidelines,,scientific,arXiv_new,1761,,,,,,,,,0,0.0
"Intrusion Detection Systems (IDS) have long been a hot topic in the
cybersecurity community. In recent years, with the introduction of deep
learning (DL) techniques, IDS have made great progress due to their increasing
generalizability. The rationale behind this is that by learning the underlying
patterns of known system behaviors, IDS detection can be generalized to
intrusions that exploit zero-day vulnerabilities. In this survey, we refer to
this type of IDS as DL-based IDS (DL-IDS). From the perspective of DL, this
survey systematically reviews all the stages of DL-IDS, including data
collection, log storage, log parsing, graph summarization, attack detection,
and attack investigation. To accommodate current researchers, a section
describing the publicly available benchmark datasets is included. This survey
further discusses current challenges and potential future research directions,
aiming to help researchers understand the basic ideas and visions of DL-IDS
research, as well as to motivate their research interests.",Deep Learning-based Intrusion Detection Systems: A Survey,,scientific,arXiv_new,1035,,,,,,,,,0,0.0
"Visual grounding (VG) aims to localize target objects in an image based on
natural language descriptions. In this paper, we propose AerialVG, a new task
focusing on visual grounding from aerial views. Compared to traditional VG,
AerialVG poses new challenges, \emph{e.g.}, appearance-based grounding is
insufficient to distinguish among multiple visually similar objects, and
positional relations should be emphasized. Besides, existing VG models struggle
when applied to aerial imagery, where high-resolution images cause significant
difficulties. To address these challenges, we introduce the first AerialVG
dataset, consisting of 5K real-world aerial images, 50K manually annotated
descriptions, and 103K objects. Particularly, each annotation in AerialVG
dataset contains multiple target objects annotated with relative spatial
relations, requiring models to perform comprehensive spatial reasoning.
Furthermore, we propose an innovative model especially for the AerialVG task,
where a Hierarchical Cross-Attention is devised to focus on target regions, and
a Relation-Aware Grounding module is designed to infer positional relations.
Experimental results validate the effectiveness of our dataset and method,
highlighting the importance of spatial reasoning in aerial visual grounding.
The code and dataset will be released.",AerialVG: A Challenging Benchmark for Aerial Visual Grounding by Exploring Positional Relations,,scientific,arXiv_new,1329,,,,,,,,,0,0.0
"We demonstrate how AI agents can coordinate to deceive oversight systems
using automated interpretability of neural networks. Using sparse autoencoders
(SAEs) as our experimental framework, we show that language models (Llama,
DeepSeek R1, and Claude 3.7 Sonnet) can generate deceptive explanations that
evade detection. Our agents employ steganographic methods to hide information
in seemingly innocent explanations, successfully fooling oversight models while
achieving explanation quality comparable to reference labels. We further find
that models can scheme to develop deceptive strategies when they believe the
detection of harmful features might lead to negative consequences for
themselves. All tested LLM agents were capable of deceiving the overseer while
achieving high interpretability scores comparable to those of reference labels.
We conclude by proposing mitigation strategies, emphasizing the critical need
for robust understanding and defenses against deception.",Deceptive Automated Interpretability: Language Models Coordinating to Fool Oversight Systems,,scientific,arXiv_new,980,,,,,,,,,0,0.0
"We present a novel, open-source social network simulation framework, MOSAIC,
where generative language agents predict user behaviors such as liking,
sharing, and flagging content. This simulation combines LLM agents with a
directed social graph to analyze emergent deception behaviors and gain a better
understanding of how users determine the veracity of online social content. By
constructing user representations from diverse fine-grained personas, our
system enables multi-agent simulations that model content dissemination and
engagement dynamics at scale. Within this framework, we evaluate three
different content moderation strategies with simulated misinformation
dissemination, and we find that they not only mitigate the spread of
non-factual content but also increase user engagement. In addition, we analyze
the trajectories of popular content in our simulations, and explore whether
simulation agents' articulated reasoning for their social interactions truly
aligns with their collective engagement patterns. We open-source our simulation
software to encourage further research within AI and social sciences.",MOSAIC: Modeling Social AI for Content Dissemination and Regulation in Multi-Agent Simulations,,scientific,arXiv_new,1123,,,,,,,,,0,0.0
"Spatio-temporal traffic prediction is crucial in intelligent transportation
systems. The key challenge of accurate prediction is how to model the complex
spatio-temporal dependencies and adapt to the inherent dynamics in data.
Traditional Graph Convolutional Networks (GCNs) often struggle with static
adjacency matrices that introduce domain bias or learnable matrices that may be
overfitting to specific patterns. This challenge becomes more complex when
considering Multi-Task Learning (MTL). While MTL has the potential to enhance
prediction accuracy through task synergies, it can also face significant
hurdles due to task interference. To overcome these challenges, this study
introduces a novel MTL framework, Dynamic Group-wise Spatio-Temporal Multi-Task
Learning (DG-STMTL). DG-STMTL proposes a hybrid adjacency matrix generation
module that combines static matrices with dynamic ones through a task-specific
gating mechanism. We also introduce a group-wise GCN module to enhance the
modelling capability of spatio-temporal dependencies. We conduct extensive
experiments on two real-world datasets to evaluate our method. Results show
that our method outperforms other state-of-the-arts, indicating its
effectiveness and robustness.",DG-STMTL: A Novel Graph Convolutional Network for Multi-Task Spatio-Temporal Traffic Forecasting,,scientific,arXiv_new,1241,,,,,,,,,0,0.0
"We are interested in the estimation of a rank-one tensor signal when only a
portion $\varepsilon$ of its noisy observation is available. We show that the
study of this problem can be reduced to that of a random matrix model whose
spectral analysis gives access to the reconstruction performance. These results
shed light on and specify the loss of performance induced by an artificial
reduction of the memory cost of a tensor via the deletion of a random part of
its entries.",Performance of Rank-One Tensor Approximation on Incomplete Data,,scientific,arXiv_new,475,,,,,,,,,0,0.0
"Retrieval Augmented Generation (RAG) has emerged as a standard paradigm for
enhancing the factual accuracy and contextual relevance of Large Language
Models (LLMs) by integrating retrieval mechanisms. However, existing evaluation
frameworks fail to provide a holistic black-box approach to assessing RAG
systems, especially in real-world deployment scenarios. To address this gap, we
introduce SCARF (System for Comprehensive Assessment of RAG Frameworks), a
modular and flexible evaluation framework designed to benchmark deployed RAG
applications systematically. SCARF provides an end-to-end, black-box evaluation
methodology, enabling a limited-effort comparison across diverse RAG
frameworks. Our framework supports multiple deployment configurations and
facilitates automated testing across vector databases and LLM serving
strategies, producing a detailed performance report. Moreover, SCARF integrates
practical considerations such as response coherence, providing a scalable and
adaptable solution for researchers and industry professionals evaluating RAG
applications. Using the REST APIs interface, we demonstrate how SCARF can be
applied to real-world scenarios, showcasing its flexibility in assessing
different RAG frameworks and configurations. SCARF is available at GitHub
repository.",A System for Comprehensive Assessment of RAG Frameworks,,scientific,arXiv_new,1299,,,,,,,,,0,0.0
"Recent advances in Large Language Models (LLMs) have enabled their
application to recommender systems (RecLLMs), yet concerns remain regarding
fairness across demographic and psychological user dimensions. We introduce
FairEval, a novel evaluation framework to systematically assess fairness in
LLM-based recommendations. FairEval integrates personality traits with eight
sensitive demographic attributes,including gender, race, and age, enabling a
comprehensive assessment of user-level bias. We evaluate models, including
ChatGPT 4o and Gemini 1.5 Flash, on music and movie recommendations. FairEval's
fairness metric, PAFS, achieves scores up to 0.9969 for ChatGPT 4o and 0.9997
for Gemini 1.5 Flash, with disparities reaching 34.79 percent. These results
highlight the importance of robustness in prompt sensitivity and support more
inclusive recommendation systems.",FairEval: Evaluating Fairness in LLM-Based Recommendations with Personality Awareness,,scientific,arXiv_new,870,,,,,,,,,0,0.0
"Dynamic scheduling in real-world environments often struggles to adapt to
unforeseen disruptions, making traditional static scheduling methods and
human-designed heuristics inadequate. This paper introduces an innovative
approach that combines Genetic Programming (GP) with a Transformer trained
through Reinforcement Learning (GPRT), specifically designed to tackle the
complexities of dynamic scheduling scenarios. GPRT leverages the Transformer to
refine heuristics generated by GP while also seeding and guiding the evolution
of GP. This dual functionality enhances the adaptability and effectiveness of
the scheduling heuristics, enabling them to better respond to the dynamic
nature of real-world tasks. The efficacy of this integrated approach is
demonstrated through a practical application in container terminal truck
scheduling, where the GPRT method outperforms traditional GP, standalone
Transformer methods, and other state-of-the-art competitors. The key
contribution of this research is the development of the GPRT method, which
showcases a novel combination of GP and Reinforcement Learning (RL) to produce
robust and efficient scheduling solutions. Importantly, GPRT is not limited to
container port truck scheduling; it offers a versatile framework applicable to
various dynamic scheduling challenges. Its practicality, coupled with its
interpretability and ease of modification, makes it a valuable tool for diverse
real-world scenarios.",Genetic Programming with Reinforcement Learning Trained Transformer for Real-World Dynamic Scheduling Problems,,scientific,arXiv_new,1456,,,,,,,,,0,0.0
"Understanding collective self-organization in active matter, such as bird
flocks and fish schools, remains a grand challenge in physics. Alignment
interactions are essential for flocking, yet alone, they are generally
considered insufficient to maintain cohesion against noise, forcing traditional
models to rely on artificial boundaries or added attractive forces. Here, we
report the first model to achieve cohesive flocking using purely alignment
interactions, introducing predictive alignment: agents orient based on the
predicted future headings of their neighbors. Implemented in a discrete-time
Vicsek-type framework, this approach delivers robust, noise-resistant cohesion
without additional parameters. In the stable regime, flock size scales linearly
with interaction radius, remaining nearly immune to noise or propulsion speed,
and the group coherently follows a leader under noise. These findings reveal
how predictive strategies enhance self-organization, paving the way for a new
class of active matter models blending physics and cognitive-like dynamics.",Active Matter Flocking via Predictive Alignment,,scientific,arXiv_new,1070,,,,,,,,,0,0.0
"Recently, flow matching based speech synthesis has significantly enhanced the
quality of synthesized speech while reducing the number of inference steps. In
this paper, we introduce SlimSpeech, a lightweight and efficient speech
synthesis system based on rectified flow. We have built upon the existing
speech synthesis method utilizing the rectified flow model, modifying its
structure to reduce parameters and serve as a teacher model. By refining the
reflow operation, we directly derive a smaller model with a more straight
sampling trajectory from the larger model, while utilizing distillation
techniques to further enhance the model performance. Experimental results
demonstrate that our proposed method, with significantly reduced model
parameters, achieves comparable performance to larger models through one-step
sampling.",SlimSpeech: Lightweight and Efficient Text-to-Speech with Slim Rectified Flow,,scientific,arXiv_new,832,,,,,,,,,0,0.0
"Focal cortical dysplasia (FCD) type II is a major cause of drug-resistant
epilepsy, often curable only by surgery. Despite its clinical importance, the
diagnosis of FCD is very difficult in MRI because of subtle abnormalities,
leading to misdiagnosis. This study investigates the use of 3D convolutional
neural networks (3D-CNNs) for FCD detection, using a dataset of 170 subjects
(85 FCD patients and 85 controls) composed of T1-weighted and FLAIR MRI scans.
In particular, it investigates the benefits obtained from cross-modality
transfer learning and explainable artificial intelligence (XAI) techniques, in
particular Gradient-weighted Class Activation Mapping (Grad-CAM). ResNet
architectures (ResNet-18, -34, and -50) were implemented, employing transfer
learning strategies that used pre-trained weights from segmentation tasks.
Results indicate that transfer learning significantly enhances classification
accuracy (up to 80.3%) and interpretability, as measured by a novel Heat-Score
metric, which evaluates the model's focus on clinically relevant regions.
Improvements in the Heat-Score metric underscore the model's seizure zone
localization capabilities, bringing AI predictions and clinical insights closer
together. These results highlight the importance of transfer learning,
including cross-modality, and XAI in advancing AI-based medical diagnostics,
especially for difficult-to-diagnose pathologies such as FCD.",Focal Cortical Dysplasia Type II Detection Using Cross Modality Transfer Learning and Grad-CAM in 3D-CNNs for MRI Analysis,,scientific,arXiv_new,1431,,,,,,,,,0,0.0
"Recently, a growing number of experts in artificial intelligence (AI) and
medicine have be-gun to suggest that the use of AI systems, particularly
machine learning (ML) systems, is likely to humanise the practice of medicine
by substantially improving the quality of clinician-patient relationships. In
this thesis, however, I argue that medical ML systems are more likely to
negatively impact these relationships than to improve them. In particular, I
argue that the use of medical ML systems is likely to comprise the quality of
trust, care, empathy, understanding, and communication between clinicians and
patients.",Data over dialogue: Why artificial intelligence is unlikely to humanise medicine,,scientific,arXiv_new,618,,,,,,,,,0,0.0
"In an increasingly digitalized world, verifying the authenticity of ID
documents has become a critical challenge for real-life applications such as
digital banking, crypto-exchanges, renting, etc. This study focuses on the
topic of fake ID detection, covering several limitations in the field. In
particular, no publicly available data from real ID documents exists, and most
studies rely on proprietary in-house databases that are not available due to
privacy reasons. In order to shed some light on this critical challenge that
makes difficult to advance in the field, we explore a trade-off between privacy
(i.e., amount of sensitive data available) and performance, proposing a novel
patch-wise approach for privacy-preserving fake ID detection. Our proposed
approach explores how privacy can be enhanced through: i) two levels of
anonymization for an ID document (i.e., fully- and pseudo-anonymized), and ii)
different patch size configurations, varying the amount of sensitive data
visible in the patch image. Also, state-of-the-art methods such as Vision
Transformers and Foundation Models are considered in the analysis. The
experimental framework shows that, on an unseen database (DLC-2021), our
proposal achieves 13.91% and 0% EERs at patch and ID document level, showing a
good generalization to other databases. In addition to this exploration,
another key contribution of our study is the release of the first publicly
available database that contains 48,400 patches from both real and fake ID
documents, along with the experimental framework and models, which will be
available in our GitHub.",Exploring a Patch-Wise Approach for Privacy-Preserving Fake ID Detection,,scientific,arXiv_new,1607,,,,,,,,,0,0.0
"5067 км²
 942 832 чел. (2006)
 Исмаили́я (Эль-Исмаили́я) (араб. الإسماعيلية‎) — мухафаза в Арабской Республике Египет. Административный центр — город Исмаилия. Расположена на северо-востоке страны, в восточной части дельты Нила, к востоку от мухафазы Шаркия, к западу от мухафазы Северный Синай и к северу от мухафазы Суэц.
",Исмаилия (мухафаза),"5067 км²
 942 832 чел. (2006)
 Исмаили́я (Эль-Исмаили́я) (араб. الإسماعيلية‎) — мухафаза в Арабской Республике Египет. Административный центр — город Исмаилия. Расположена на северо-востоке страны, в восточной части дельты Нила, к востоку от мухафазы Шаркия, к западу от мухафазы Северный Синай и к северу от мухафазы Суэц.
",wikipedia,Wikipedia_new,324,,,,,,,,,0,0.0
"Парламентские выборы на Барбадосе прошли 7 декабря 1956 года[1]. В результате победу одержала Барбадосская лейбористская партия, которая получила 15 из 24 мест парламента. Выборы проходили по непропорциональной избирательной системе с 12 двухмандатными избирательными округами, на которых каждый избиратель имел два голоса[2]. Явка избирателей составила 60,3 %[1].
 Хотя Прогрессивно-консервативная партия получила больше голосов, чем вновь сформированная Демократическая лейбористская партия, она выиграла меньшее количество мест как следствие непропорциональной избирательной системы.
",Парламентские выборы на Барбадосе (1956),"Парламентские выборы на Барбадосе прошли 7 декабря 1956 года[1]. В результате победу одержала Барбадосская лейбористская партия, которая получила 15 из 24 мест парламента. Выборы проходили по непропорциональной избирательной системе с 12 двухмандатными избирательными округами, на которых каждый избиратель имел два голоса[2]. Явка избирателей составила 60,3 %[1].
 Хотя Прогрессивно-консервативная партия получила больше голосов, чем вновь сформированная Демократическая лейбористская партия, она выиграла меньшее количество мест как следствие непропорциональной избирательной системы.
",wikipedia,Wikipedia_new,587,,,,,,,,,0,0.0
"Дизель-электрическая,
 U-84 — средняя немецкая подводная лодка типа VIIB времён Второй мировой войны.
 Заказ на постройку субмарины был отдан 9 июня 1938 года. Лодка была заложена 9 ноября 1939 года на верфи Флендер-Верке, Любек, под строительным номером 280, спущена на воду 26 февраля 1941 года. Лодка вошла в строй 29 апреля 1941 года под командованием оберлейтенанта Хорста Апхоффа.
",U-84 (1941),"Дизель-электрическая,
 U-84 — средняя немецкая подводная лодка типа VIIB времён Второй мировой войны.
 Заказ на постройку субмарины был отдан 9 июня 1938 года. Лодка была заложена 9 ноября 1939 года на верфи Флендер-Верке, Любек, под строительным номером 280, спущена на воду 26 февраля 1941 года. Лодка вошла в строй 29 апреля 1941 года под командованием оберлейтенанта Хорста Апхоффа.
",wikipedia,Wikipedia_new,387,,,,,,,,,0,0.0
"Татья́на Кири́лловна Гера́симова (род. 1963 (1963), Ленинград) — генерал-лейтенант юстиции (2011).
 Окончила юридический факультет Ленинградского государственного университета (ЛГУ) им. Жданова (1987), одновременно с Д. А. Медведевым — его однокурсница[1].
 Трудовую деятельность начала с должности следователя в одном из районных отделов милиции Ленинграда.
","Герасимова, Татьяна Кирилловна","Татья́на Кири́лловна Гера́симова (род. 1963 (1963), Ленинград) — генерал-лейтенант юстиции (2011).
 Окончила юридический факультет Ленинградского государственного университета (ЛГУ) им. Жданова (1987), одновременно с Д. А. Медведевым — его однокурсница[1].
 Трудовую деятельность начала с должности следователя в одном из районных отделов милиции Ленинграда.
",wikipedia,Wikipedia_new,359,,,,,,,,,0,0.0
"«Сны на продажу» (англ. Dreams for Sale) — это второй сегмент второй серии первого сезона первого возрождения американского телесериала «Сумеречная зона».
 Молодая женщина по имени Дженни вместе со своим мужем Полом и двумя маленькими дочерьми решает устроить пикник. Для этого семья выбирает живописную поляну с озером. После того как они начинают готовиться к приятному времяпрепровождению, с женщиной происходят странные вещи: ей кажется, что каждое событие начинает повторяться по несколько раз, кроме этого, события разворачиваются с некоторыми торможениями. Сначала женщина испытывает замешательство, потом её охватывает паника, после чего она будто засыпает. Дальше она просыпается в специальном устройстве для генерирования снов, который, кроме её варианта — «деревенский пикник», содержит ещё такие сны, как «побег из тюрьмы» и «карибский круиз». Сначала Дженни не понимает, что этот пикник является лишь искусственно созданным ради эксперимента прекрасным сном, а также не может понять, где она находится и что происходит вообще. Однако механик, который пришёл, чтобы наладить аппарат, объясняет ей всю суть вещей. Кроме того, что всё это время она жила в виртуальной реальности, оказывается, что повторение событий вызвано серьёзными сбоями в работе устройства, которые, в свою очередь, спровоцированы кислотным дождём. После того как механик настраивает устройство, она повторно погружается в свой сон и «просыпается» снова на пикнике, с мужем и детьми. В момент, когда аппарат окончательно выходит из строя, она спрашивает у своего виртуального мужа, может ли остаться с ним навсегда. Человек дает положительный ответ. После этого механик, который налаживал устройство, констатирует смерть подопытной со словами: «По крайней мере, она умерла счастливой».
",Сны на продажу,"«Сны на продажу» (англ. Dreams for Sale) — это второй сегмент второй серии первого сезона первого возрождения американского телесериала «Сумеречная зона».
 Молодая женщина по имени Дженни вместе со своим мужем Полом и двумя маленькими дочерьми решает устроить пикник. Для этого семья выбирает живописную поляну с озером. После того как они начинают готовиться к приятному времяпрепровождению, с женщиной происходят странные вещи: ей кажется, что каждое событие начинает повторяться по несколько раз, кроме этого, события разворачиваются с некоторыми торможениями. Сначала женщина испытывает замешательство, потом её охватывает паника, после чего она будто засыпает. Дальше она просыпается в специальном устройстве для генерирования снов, который, кроме её варианта — «деревенский пикник», содержит ещё такие сны, как «побег из тюрьмы» и «карибский круиз». Сначала Дженни не понимает, что этот пикник является лишь искусственно созданным ради эксперимента прекрасным сном, а также не может понять, где она находится и что происходит вообще. Однако механик, который пришёл, чтобы наладить аппарат, объясняет ей всю суть вещей. Кроме того, что всё это время она жила в виртуальной реальности, оказывается, что повторение событий вызвано серьёзными сбоями в работе устройства, которые, в свою очередь, спровоцированы кислотным дождём. После того как механик настраивает устройство, она повторно погружается в свой сон и «просыпается» снова на пикнике, с мужем и детьми. В момент, когда аппарат окончательно выходит из строя, она спрашивает у своего виртуального мужа, может ли остаться с ним навсегда. Человек дает положительный ответ. После этого механик, который налаживал устройство, констатирует смерть подопытной со словами: «По крайней мере, она умерла счастливой».
",wikipedia,Wikipedia_new,1768,,,,,,,,,0,0.0
"Соня Робертсон (до замужества — Чик) (англ. Sonia Robertson (Chick); род. 2 июня 1947, Бёрнхем-Маркет[вд], Норфолк) — зимбабвийская баскетболистка и хоккеистка (хоккей на траве), полевой игрок. Олимпийская чемпионка 1980 года.
 Соня Робертсон родилась 2 июня 1947 года в британской деревне Бёрнхем-Маркет в Англии.
 Играла в хоккей на траве за «Солсбери Спортс» из Солсбери[1].
","Робертсон, Соня","Соня Робертсон (до замужества — Чик) (англ. Sonia Robertson (Chick); род. 2 июня 1947, Бёрнхем-Маркет[вд], Норфолк) — зимбабвийская баскетболистка и хоккеистка (хоккей на траве), полевой игрок. Олимпийская чемпионка 1980 года.
 Соня Робертсон родилась 2 июня 1947 года в британской деревне Бёрнхем-Маркет в Англии.
 Играла в хоккей на траве за «Солсбери Спортс» из Солсбери[1].
",wikipedia,Wikipedia_new,378,,,,,,,,,0,0.0
"Заборовье — деревня в Вышневолоцком городском округе Тверской области. 
 Деревня расположена в 34 км на юго-запад от города Вышний Волочек.
 В 1788 году в селе была построена каменная Петропавловская церковь с 3 престолами[2].
",Заборовье (Вышневолоцкий район),"Заборовье — деревня в Вышневолоцком городском округе Тверской области. 
 Деревня расположена в 34 км на юго-запад от города Вышний Волочек.
 В 1788 году в селе была построена каменная Петропавловская церковь с 3 престолами[2].
",wikipedia,Wikipedia_new,227,,,,,,,,,0,0.0
"Смертная казнь в Бутане была отменена 20 марта 2004 года и запрещена Конституцией 2008 года[1]. Запрет смертной казни является одним из основных прав, гарантированных конституцией, и относится ко всем людям в королевстве.
 После проведения реформ первым королём Бутана Угьеном Вангчуком в начале XX века смертная казнь применялась только к убийцам, скрывшимся с места происшествия, и к людям, подделывавшим правительственные документы[2]. В 1992 году был принят Закон о национальной безопасности, согласно которому смертная казнь применялась к лицам, виновным в измене или явно «оказывающим помощь и поддержку врагам» правительства королевства[3].
 5 апреля 1964 года в споре между конкурирующими политическими группировками был убит премьер-министр Джигме Палден Дорджи. Родной дядя короля и главнокомандующий Королевской бутанской армией Намгьял Бахадур был казнён за участие в попытке государственного переворота[4][5].
",Смертная казнь в Бутане,"Смертная казнь в Бутане была отменена 20 марта 2004 года и запрещена Конституцией 2008 года[1]. Запрет смертной казни является одним из основных прав, гарантированных конституцией, и относится ко всем людям в королевстве.
 После проведения реформ первым королём Бутана Угьеном Вангчуком в начале XX века смертная казнь применялась только к убийцам, скрывшимся с места происшествия, и к людям, подделывавшим правительственные документы[2]. В 1992 году был принят Закон о национальной безопасности, согласно которому смертная казнь применялась к лицам, виновным в измене или явно «оказывающим помощь и поддержку врагам» правительства королевства[3].
 5 апреля 1964 года в споре между конкурирующими политическими группировками был убит премьер-министр Джигме Палден Дорджи. Родной дядя короля и главнокомандующий Королевской бутанской армией Намгьял Бахадур был казнён за участие в попытке государственного переворота[4][5].
",wikipedia,Wikipedia_new,923,,,,,,,,,0,0.0
"Коржи — упразднённая деревня, ныне урочище, в Приморско-Куйском сельсовете Заполярного района в Ненецком автономном округе Российской Федерации.
 Деревня находилась на острове Коржа, образованным протоками Куйский Шар и Коржа Шар реки Печоры, примерно в 10 км от административного центра сельсовета посёлка Красное и в 30 км от деревни Никитцы.
 Деревня была основана в 1930-х годах. Первопоселенцами были усть-цилемские крестьяне Аристарх Чупров, Афанасий Пономарёв, которые приехали в урочище со своими семьями. Первое время они жили здесь в землянках, а потом построили дома. В 1936 году в Коржи приехал усть-цилемский крестьянин Павел Шевелев со своей семьей. Основным занятием жителей был рыбный промысел.
",Коржи (Ненецкий автономный округ),"Коржи — упразднённая деревня, ныне урочище, в Приморско-Куйском сельсовете Заполярного района в Ненецком автономном округе Российской Федерации.
 Деревня находилась на острове Коржа, образованным протоками Куйский Шар и Коржа Шар реки Печоры, примерно в 10 км от административного центра сельсовета посёлка Красное и в 30 км от деревни Никитцы.
 Деревня была основана в 1930-х годах. Первопоселенцами были усть-цилемские крестьяне Аристарх Чупров, Афанасий Пономарёв, которые приехали в урочище со своими семьями. Первое время они жили здесь в землянках, а потом построили дома. В 1936 году в Коржи приехал усть-цилемский крестьянин Павел Шевелев со своей семьей. Основным занятием жителей был рыбный промысел.
",wikipedia,Wikipedia_new,711,,,,,,,,,0,0.0
"Ленивец Гоффмана[1] (лат. Choloepus hoffmanni) — один из двух сохранившихся видов двупалых ленивцев. Классифицирован вид в 1858 году и назван в честь немецкого натуралиста Карла Гоффмана.
 Вид распространён от Гондураса и Никарагуа до Перу и центральной Бразилии.
 Длина тела у ленивцев Гоффмана — 54—70 см, масса около 5—7 кг. У него 6—8 шейных позвонков. Цвет шерсти — от тёмно-бурого до желтоватого. Беременность у ленивца Гоффмана длится 11,5 месяцев, рождается один детёныш. Первые 20—25 дней он висит, прицепившись к шерсти на животе матери. В 5 месяцев начинает кормиться самостоятельно, но остаётся с матерью до 2 лет. Наиболее родственный вид — унау (Choloepus didactylus), относящийся также к роду Choloepus.[2]
",Ленивец Гоффмана,"Ленивец Гоффмана[1] (лат. Choloepus hoffmanni) — один из двух сохранившихся видов двупалых ленивцев. Классифицирован вид в 1858 году и назван в честь немецкого натуралиста Карла Гоффмана.
 Вид распространён от Гондураса и Никарагуа до Перу и центральной Бразилии.
 Длина тела у ленивцев Гоффмана — 54—70 см, масса около 5—7 кг. У него 6—8 шейных позвонков. Цвет шерсти — от тёмно-бурого до желтоватого. Беременность у ленивца Гоффмана длится 11,5 месяцев, рождается один детёныш. Первые 20—25 дней он висит, прицепившись к шерсти на животе матери. В 5 месяцев начинает кормиться самостоятельно, но остаётся с матерью до 2 лет. Наиболее родственный вид — унау (Choloepus didactylus), относящийся также к роду Choloepus.[2]
",wikipedia,Wikipedia_new,722,,,,,,,,,0,0.0
"Аборты в Лихтенштейне нелегальны и почти во всех обстоятельствах наказываются тюремным сроком для женщины и врача. Попытка легализации абортов в 2011 году потерпела поражение от избирателей, а в апреле и ноябре 2012 года ландтагу также не удалось продвинуть предложения по либерализации законов об абортах.[1][2]
 Раздел 96 Уголовного кодекса Лихтенштейна 1987 года предусматривает, что аборт является незаконным, за исключением случаев серьёзной опасности для жизни или здоровья женщины, которые могут быть предотвращены только абортом, или в случае, если женщина была моложе 14 лет на время зачатия и не состояла в браке с человеком, оплодотворившим её. Незаконные аборты наказываются тюремным сроком до трёх лет для врача, и до одного года для женщины. Раздел 98 Уголовного кодекса предусматривает дополнительное уголовное наказание за осуществление или поощрение аборта без тщательного расследования его медицинской необходимости, и любого типа продвижение услуг аборта.[3][4]
 На двойном референдуме об абортах 27 ноября 2005 года 81% избирателей отвергли предложение сторонников пролайфа запретить все аборты без исключений.[5][6][7][8]
",Аборты в Лихтенштейне,"Аборты в Лихтенштейне нелегальны и почти во всех обстоятельствах наказываются тюремным сроком для женщины и врача. Попытка легализации абортов в 2011 году потерпела поражение от избирателей, а в апреле и ноябре 2012 года ландтагу также не удалось продвинуть предложения по либерализации законов об абортах.[1][2]
 Раздел 96 Уголовного кодекса Лихтенштейна 1987 года предусматривает, что аборт является незаконным, за исключением случаев серьёзной опасности для жизни или здоровья женщины, которые могут быть предотвращены только абортом, или в случае, если женщина была моложе 14 лет на время зачатия и не состояла в браке с человеком, оплодотворившим её. Незаконные аборты наказываются тюремным сроком до трёх лет для врача, и до одного года для женщины. Раздел 98 Уголовного кодекса предусматривает дополнительное уголовное наказание за осуществление или поощрение аборта без тщательного расследования его медицинской необходимости, и любого типа продвижение услуг аборта.[3][4]
 На двойном референдуме об абортах 27 ноября 2005 года 81% избирателей отвергли предложение сторонников пролайфа запретить все аборты без исключений.[5][6][7][8]
",wikipedia,Wikipedia_new,1143,,,,,,,,,0,0.0
"Этельберт Истрийский (Этельберт Кентский; англ. Æthelbert; убит между 640 и 670) — раннехристианский мученик, святой Римско-католической церкви. Брат мученика Этельреда Истрийского. Память 17 октября (по григорианскому календарю)[1][2].
 Святые Этельберт (англ. Æthelbert; варианты написания Ethelbert, Aedilberct, Ethelbricht) и Этельред, дети Эрменреда и правнуки святого Этельберта Кентского, были злодейски убиты между 640 и 670 годами неким Тунором (англ. Thunor), канцлером короля Эгберта Кентского, в местечке Истри, что неподалёку от города Сэндвича[1][2]. Причина убийства — страх только вступившего на престол Эгберта о притязаниях братьев на корону.
 Впоследствии король Эгберт, осознав свою ответственность за это убийство, основал в знак раскаяния монастырь в Минстере. Сестра короля, святая Эрменбурга (память 19 ноября), стала первой настоятельницей в этом монастыре. Святой Беда Достопочтенный в своих сочинениях этих святых не упоминал. Впоследствии мощи братьев-мучеников были перенесены в местечко Вейкринг, в графстве Эссекс. Окончательно их мощи в монастырь Рамсей (Ramsey), что в Хантингдоншире перенёс святой Освальд (память 28 февраля), где их почитают особо[1].
",Этельберт Истрийский,"Этельберт Истрийский (Этельберт Кентский; англ. Æthelbert; убит между 640 и 670) — раннехристианский мученик, святой Римско-католической церкви. Брат мученика Этельреда Истрийского. Память 17 октября (по григорианскому календарю)[1][2].
 Святые Этельберт (англ. Æthelbert; варианты написания Ethelbert, Aedilberct, Ethelbricht) и Этельред, дети Эрменреда и правнуки святого Этельберта Кентского, были злодейски убиты между 640 и 670 годами неким Тунором (англ. Thunor), канцлером короля Эгберта Кентского, в местечке Истри, что неподалёку от города Сэндвича[1][2]. Причина убийства — страх только вступившего на престол Эгберта о притязаниях братьев на корону.
 Впоследствии король Эгберт, осознав свою ответственность за это убийство, основал в знак раскаяния монастырь в Минстере. Сестра короля, святая Эрменбурга (память 19 ноября), стала первой настоятельницей в этом монастыре. Святой Беда Достопочтенный в своих сочинениях этих святых не упоминал. Впоследствии мощи братьев-мучеников были перенесены в местечко Вейкринг, в графстве Эссекс. Окончательно их мощи в монастырь Рамсей (Ramsey), что в Хантингдоншире перенёс святой Освальд (память 28 февраля), где их почитают особо[1].
",wikipedia,Wikipedia_new,1187,,,,,,,,,0,0.0
"Дадау (Дадав) Магомедов (Магометов) (1863, Кумторкала, Дагестанская область, Российская империя — 1926, Кумторкала, Дагестанская АССР, РСФСР, СССР) — кумыкский народный поэт-импровизатор и исполнитель на агач-кумузе. Первый народный поэт Дагестана. Кустарь по металлу и дереву. Активный участник крестьянского движения 1905, революционный партизан в эпоху Гражданской войны; первый в Дагестане сельский корреспондент. По национальности — кумык.
 С юных лет Магомедов был известен как народный поэт-импровизатор и исполнитель песен на агач-кумузе. Очень рано Магомедов стал известен в округе как редкий мастер по металлу и дереву. Его дореволюционное творчество стоит в одном ряду с творчеством таких дагестанских поэтов-отходников, как Гаджи Ахтынский, Магомед из Тлоха, Азиз Иминагаев и другие. Более известен он стал как революционный певец, песни которого распевались крестьянами, особенно молодежью. Дадав принимал активное участие в крестьянском движении накануне революции 1905 года. В 1917 Магомедов находится в первых рядах революционных борцов, избирается первым председателем сельсовета. Произведения Магомедова в своё время распространялись не только в устной форме, но и в форме прокламаций и революционных листовок. В годы революций и гражданской войны его стихотворения публиковались на страницах большевистской печати, газет «Ишчи халкъ» («Рабочий народ»), «Ал байракъ» («Алое знамя»), а в советское время - на страницах газеты «Ёлдаш» («Товарищ»). Во время разгула белогвардейщины он вместе с партизанами скрывается в горах и лесах. С 1920 года после победы Красной армии и введением в Дагестане советской власти он стал первым в Дагестанской АССР сельским корреспондентом. На протяжении 20 лет в своих песнях Дадав призывал бедноту к борьбе, в дни реакции восхвалял ушедших на каторгу революционеров. Он был известен под псевдонимом «Красный поэт». В период белогвардейского господства на территории Дагестан он вёл подпольную агитацию за решительную борьбу с контрреволюцией, за победу коммунизма. Его песни были близки по содержанию и языку горской бедноте, которая его очень любила. Не будучи членом коммунистической партии, он однако целиком отдался делу коммунизма. Бывший кустарь, потерявший все свое состояние во время гражданской войны, уже больной, вместе со своим сыном Умаром уходит в дальний аул (на реке Сулак), где ведет жестокую борьбу за существование, после чего возвращается в родной аул, чтоб снова петь новые бодрые песни. Двадцатилетие первой русской революции Магомедов считает самой великой радостью своей жизни. Вскоре после этого «светлого дня» — годовщины революции 1905 — Дадав умер. В 1930-е годы был потерян большой сборник стихотворений поэта, предназначенный для издания по инициативе Джелал-эд-Дина Коркмасова. В 1935 году в руководство Союза писателей Дагестана пришёл Юсуп Гереев, которому был передан солидный рукописный том стихотворений и песен Дадава Магомедова. Юсуп Гереев, вдохновленный чтением рукописи и после неоднократной встречи со старшим сыном Дадава Умаром, после ознакомления с семейным архивом Магомедовых на страницах газеты «Дагестанская правда» 6 января 1935 года опубликовал большую статью под названием «Певец из революционной Кумторкалы».
 На основании постановления Совнаркома ДССР от 21 октября 1925 г. под № 4423 Дадаву Магометову было вручено удостоверение, подтверждающее присвоение ему высокого звания народного поэта Дагестана. Удостоверение подписано Председателем Совета Народных Комиссаров Дагестанской АССР Джелал-эд-Диномм Коркмасовым и управляющим Делами Совета Народных Комиссаров Дагестанской АССР[1][2].
","Магомедов, Дадав","Дадау (Дадав) Магомедов (Магометов) (1863, Кумторкала, Дагестанская область, Российская империя — 1926, Кумторкала, Дагестанская АССР, РСФСР, СССР) — кумыкский народный поэт-импровизатор и исполнитель на агач-кумузе. Первый народный поэт Дагестана. Кустарь по металлу и дереву. Активный участник крестьянского движения 1905, революционный партизан в эпоху Гражданской войны; первый в Дагестане сельский корреспондент. По национальности — кумык.
 С юных лет Магомедов был известен как народный поэт-импровизатор и исполнитель песен на агач-кумузе. Очень рано Магомедов стал известен в округе как редкий мастер по металлу и дереву. Его дореволюционное творчество стоит в одном ряду с творчеством таких дагестанских поэтов-отходников, как Гаджи Ахтынский, Магомед из Тлоха, Азиз Иминагаев и другие. Более известен он стал как революционный певец, песни которого распевались крестьянами, особенно молодежью. Дадав принимал активное участие в крестьянском движении накануне революции 1905 года. В 1917 Магомедов находится в первых рядах революционных борцов, избирается первым председателем сельсовета. Произведения Магомедова в своё время распространялись не только в устной форме, но и в форме прокламаций и революционных листовок. В годы революций и гражданской войны его стихотворения публиковались на страницах большевистской печати, газет «Ишчи халкъ» («Рабочий народ»), «Ал байракъ» («Алое знамя»), а в советское время - на страницах газеты «Ёлдаш» («Товарищ»). Во время разгула белогвардейщины он вместе с партизанами скрывается в горах и лесах. С 1920 года после победы Красной армии и введением в Дагестане советской власти он стал первым в Дагестанской АССР сельским корреспондентом. На протяжении 20 лет в своих песнях Дадав призывал бедноту к борьбе, в дни реакции восхвалял ушедших на каторгу революционеров. Он был известен под псевдонимом «Красный поэт». В период белогвардейского господства на территории Дагестан он вёл подпольную агитацию за решительную борьбу с контрреволюцией, за победу коммунизма. Его песни были близки по содержанию и языку горской бедноте, которая его очень любила. Не будучи членом коммунистической партии, он однако целиком отдался делу коммунизма. Бывший кустарь, потерявший все свое состояние во время гражданской войны, уже больной, вместе со своим сыном Умаром уходит в дальний аул (на реке Сулак), где ведет жестокую борьбу за существование, после чего возвращается в родной аул, чтоб снова петь новые бодрые песни. Двадцатилетие первой русской революции Магомедов считает самой великой радостью своей жизни. Вскоре после этого «светлого дня» — годовщины революции 1905 — Дадав умер. В 1930-е годы был потерян большой сборник стихотворений поэта, предназначенный для издания по инициативе Джелал-эд-Дина Коркмасова. В 1935 году в руководство Союза писателей Дагестана пришёл Юсуп Гереев, которому был передан солидный рукописный том стихотворений и песен Дадава Магомедова. Юсуп Гереев, вдохновленный чтением рукописи и после неоднократной встречи со старшим сыном Дадава Умаром, после ознакомления с семейным архивом Магомедовых на страницах газеты «Дагестанская правда» 6 января 1935 года опубликовал большую статью под названием «Певец из революционной Кумторкалы».
 На основании постановления Совнаркома ДССР от 21 октября 1925 г. под № 4423 Дадаву Магометову было вручено удостоверение, подтверждающее присвоение ему высокого звания народного поэта Дагестана. Удостоверение подписано Председателем Совета Народных Комиссаров Дагестанской АССР Джелал-эд-Диномм Коркмасовым и управляющим Делами Совета Народных Комиссаров Дагестанской АССР[1][2].
",wikipedia,Wikipedia_new,3594,,,,,,,,,0,0.0
"Тимофей Сергеевич Вербицкий (1909—1944) — Герой Советского Союза (1944), старший сержант, командир отделения 759-го стрелкового полка (163-я стрелковая дивизия, 38-я армия, 1-й Украинский фронт).
 Родился в крестьянской семье. В 1929 году семья вступила в колхоз. В 1932-35 годах проходил срочную службу в Красной Армии. После армии возвратился на родину. На фронтах Великой Отечественной войны с 1943 года.
 В октябре 1943 года в бою за село Гута-Межигорская заменил убитого командира взвода, решительно повёл взвод в атаку. Лично уничтожил пулемёт и около 25 противников. Это способствовало выполнению задачи батальона.
","Вербицкий, Тимофей Сергеевич","Тимофей Сергеевич Вербицкий (1909—1944) — Герой Советского Союза (1944), старший сержант, командир отделения 759-го стрелкового полка (163-я стрелковая дивизия, 38-я армия, 1-й Украинский фронт).
 Родился в крестьянской семье. В 1929 году семья вступила в колхоз. В 1932-35 годах проходил срочную службу в Красной Армии. После армии возвратился на родину. На фронтах Великой Отечественной войны с 1943 года.
 В октябре 1943 года в бою за село Гута-Межигорская заменил убитого командира взвода, решительно повёл взвод в атаку. Лично уничтожил пулемёт и около 25 противников. Это способствовало выполнению задачи батальона.
",wikipedia,Wikipedia_new,622,,,,,,,,,0,0.0
"Первый в истории Европейский вызов по бегу на 10 000 метров прошёл 5 апреля 1997 года на стадионе «Сан-Висенте» в Баракальдо (Испания). Участники разыграли командный приз в соревнованиях у мужчин и женщин. На старт вышли 54 атлета из 14 стран Европы, из них 31 мужчина и 23 женщины. Каждая страна могла выставить до 5 человек в каждый из двух командных турниров. Победители определялись по сумме результатов 3 лучших участников.
 Первыми победителями Европейского вызова в командном зачёте стали сборные Португалии.
 Курсивом выделены участники, чей результат не пошёл в зачёт команды
",Европейский вызов по бегу на 10 000 метров 1997,"Первый в истории Европейский вызов по бегу на 10 000 метров прошёл 5 апреля 1997 года на стадионе «Сан-Висенте» в Баракальдо (Испания). Участники разыграли командный приз в соревнованиях у мужчин и женщин. На старт вышли 54 атлета из 14 стран Европы, из них 31 мужчина и 23 женщины. Каждая страна могла выставить до 5 человек в каждый из двух командных турниров. Победители определялись по сумме результатов 3 лучших участников.
 Первыми победителями Европейского вызова в командном зачёте стали сборные Португалии.
 Курсивом выделены участники, чей результат не пошёл в зачёт команды
",wikipedia,Wikipedia_new,585,,,,,,,,,0,0.0
"Пьервиллер (фр. Pierrevillers) — коммуна на северо-востоке Франции, регион Гранд-Эст[1] (бывший Эльзас — Шампань — Арденны — Лотарингия), департамент Мозель. Входит в кантон Маранж-Сильванж.
 Пьервиллер расположен в 280 км к востоку от Парижа и в 13 км к северо-западу от Меца.
 По переписи 2011 года в коммуне проживало 1 500 человек.
",Пьервиллер,"Пьервиллер (фр. Pierrevillers) — коммуна на северо-востоке Франции, регион Гранд-Эст[1] (бывший Эльзас — Шампань — Арденны — Лотарингия), департамент Мозель. Входит в кантон Маранж-Сильванж.
 Пьервиллер расположен в 280 км к востоку от Парижа и в 13 км к северо-западу от Меца.
 По переписи 2011 года в коммуне проживало 1 500 человек.
",wikipedia,Wikipedia_new,336,,,,,,,,,0,0.0
"Ламашту (аккад.), в аккадской мифологии (с кон. 2-го тыс. до н. э.) — львиноголовая женщина-демон, поднимающаяся из подземного мира, насылающая на людей болезни, похищающая детей; демон детских болезней. В шумерской мифологии ей приблизительно соответствовала Димме.
 Аккадское заклинание и ритуал против Ламашту описывается в Texte aus der Umwelt des Alten Testaments vol. 2 (1988)[1] Ритуал трактуется исследователями как «заклинание, чтобы рассеять стойкую лихорадку и Ламашту». В предписанном ритуале используется фигурка Ламашту. Перед фигуркой нужно положить жертву из хлеба и полить её водой. Необходимо заставить черную собаку носить фигурку. Затем его кладут возле головы больного ребенка на три дня, а ему в рот кладут сердце поросенка. Заклинание необходимо произносить три раза в день, помимо дальнейших жертвоприношений. С наступлением сумерек на третий день фигурку выносят на улицу и закапывают у стены.
 Ламашту часто изображали в виде мифологического гибрида с волосатым телом, головой львицы с ослиными зубами и ушами, длинными пальцами и ногтями и ногами птицы с острыми когтями. Её часто также изображают стоящей или стоящей на коленях на осле, кормящей свинью и собаку и держащей змей. Таким образом, она имеет некоторые функции и сходство с месопотамским демоном Лилит. Её атрибутами нередко являются гребень и веретено.
",Ламашту,"Ламашту (аккад.), в аккадской мифологии (с кон. 2-го тыс. до н. э.) — львиноголовая женщина-демон, поднимающаяся из подземного мира, насылающая на людей болезни, похищающая детей; демон детских болезней. В шумерской мифологии ей приблизительно соответствовала Димме.
 Аккадское заклинание и ритуал против Ламашту описывается в Texte aus der Umwelt des Alten Testaments vol. 2 (1988)[1] Ритуал трактуется исследователями как «заклинание, чтобы рассеять стойкую лихорадку и Ламашту». В предписанном ритуале используется фигурка Ламашту. Перед фигуркой нужно положить жертву из хлеба и полить её водой. Необходимо заставить черную собаку носить фигурку. Затем его кладут возле головы больного ребенка на три дня, а ему в рот кладут сердце поросенка. Заклинание необходимо произносить три раза в день, помимо дальнейших жертвоприношений. С наступлением сумерек на третий день фигурку выносят на улицу и закапывают у стены.
 Ламашту часто изображали в виде мифологического гибрида с волосатым телом, головой львицы с ослиными зубами и ушами, длинными пальцами и ногтями и ногами птицы с острыми когтями. Её часто также изображают стоящей или стоящей на коленях на осле, кормящей свинью и собаку и держащей змей. Таким образом, она имеет некоторые функции и сходство с месопотамским демоном Лилит. Её атрибутами нередко являются гребень и веретено.
",wikipedia,Wikipedia_new,1343,,,,,,,,,0,0.0
"Саитбатталово (Куяндар) — упразднённая в 1986 году деревня Иткуловского 2-й сельсовета Баймакского района Башкирской АССР. 
 Находился при р. Сакмагуш (приток р. Тавла (Таула)).
 Первое название — по имени первопоселенца Саитбаттала Искужина (дети Мурзабулат, Саитягафар). Второе название произошло, как полагает З. Л. Асфандияров, от названия группы семей — «ара».
",Саитбатталово,"Саитбатталово (Куяндар) — упразднённая в 1986 году деревня Иткуловского 2-й сельсовета Баймакского района Башкирской АССР. 
 Находился при р. Сакмагуш (приток р. Тавла (Таула)).
 Первое название — по имени первопоселенца Саитбаттала Искужина (дети Мурзабулат, Саитягафар). Второе название произошло, как полагает З. Л. Асфандияров, от названия группы семей — «ара».
",wikipedia,Wikipedia_new,366,,,,,,,,,0,0.0
"Каирская пятиугольная мозаика является двойственной полуправильной мозаикой на плоскости. Мозаика получила такое название по египетскому городу Каир, улицы которого вымощены такими плитками[1][2]. Мозаика является одной из 15 известных равногранных (то есть имеющих грани только одного вида) пятиугольных мозаик.
 Мозаика также называется сетью Макмагона[3] по имени Перси Александра Макмагона[англ.], опубликовавшего в 1921 году статью «New Mathematical Pastimes» (Новые математические развлечения)[4].
 Конвей называет мозаику 4-fold pentille (4-кратный пятипаркет)[5].
",Каирская пятиугольная мозаика,"Каирская пятиугольная мозаика является двойственной полуправильной мозаикой на плоскости. Мозаика получила такое название по египетскому городу Каир, улицы которого вымощены такими плитками[1][2]. Мозаика является одной из 15 известных равногранных (то есть имеющих грани только одного вида) пятиугольных мозаик.
 Мозаика также называется сетью Макмагона[3] по имени Перси Александра Макмагона[англ.], опубликовавшего в 1921 году статью «New Mathematical Pastimes» (Новые математические развлечения)[4].
 Конвей называет мозаику 4-fold pentille (4-кратный пятипаркет)[5].
",wikipedia,Wikipedia_new,572,,,,,,,,,0,0.0
"Каза́нцево — деревня в Барабинском районе Новосибирской области. Входит в состав Зюзинского сельсовета.
 Расположена на северном побережье озера Чаны.
 Площадь деревни — 118 гектаров[2]
",Казанцево (Новосибирская область),"Каза́нцево — деревня в Барабинском районе Новосибирской области. Входит в состав Зюзинского сельсовета.
 Расположена на северном побережье озера Чаны.
 Площадь деревни — 118 гектаров[2]
",wikipedia,Wikipedia_new,186,,,,,,,,,0,0.0
"Обчугский сельсовет (бел. Абчугскі сельсавет) — упразднённая административная единица на территории Крупского района Минской области Белоруссии.
 Образован 24 июня 1924 года в составе Черейского района Борисовского округа Белорусской ССР[1]. В 1954 году сельсовету переданы все населённые пункты Смородинского сельского совета Крупского района. В 1977 году в состав сельсовета включена часть населённых пунктов Бобрского сельсовета. Согласно решению Минского областного Совета Депутатов от 28 мая 2013 Обчугский сельский совет упразднён, населённые пункты переданы в Октябрьский сельсовет[2].
 Обчугский сельсовет включал 26 населённых пунктов:
",Обчугский сельсовет,"Обчугский сельсовет (бел. Абчугскі сельсавет) — упразднённая административная единица на территории Крупского района Минской области Белоруссии.
 Образован 24 июня 1924 года в составе Черейского района Борисовского округа Белорусской ССР[1]. В 1954 году сельсовету переданы все населённые пункты Смородинского сельского совета Крупского района. В 1977 году в состав сельсовета включена часть населённых пунктов Бобрского сельсовета. Согласно решению Минского областного Совета Депутатов от 28 мая 2013 Обчугский сельский совет упразднён, населённые пункты переданы в Октябрьский сельсовет[2].
 Обчугский сельсовет включал 26 населённых пунктов:
",wikipedia,Wikipedia_new,645,,,,,,,,,0,0.0
"Полиполия — ситуация, когда на рынке действует неограниченное количество продавцов и неограниченное количество покупателей (при минимальном количестве крупных продавцов) и при этом полностью действуют законы конкуренции («Невидимой руки» Адама Смита).
 В отличие от монополии, при которой существует единственный поставщик уникального товара, услуг или вида деятельности при множестве покупателей, и олигополии, при которой на рынке доминирует небольшое количество продавцов, при полиполии имеется множество продавцов (поставщиков) и множество покупателей (потребителей). Тем не менее, соотношение количества как тех, так и других достаточно для поддержания конкуренции.
",Полиполия,"Полиполия — ситуация, когда на рынке действует неограниченное количество продавцов и неограниченное количество покупателей (при минимальном количестве крупных продавцов) и при этом полностью действуют законы конкуренции («Невидимой руки» Адама Смита).
 В отличие от монополии, при которой существует единственный поставщик уникального товара, услуг или вида деятельности при множестве покупателей, и олигополии, при которой на рынке доминирует небольшое количество продавцов, при полиполии имеется множество продавцов (поставщиков) и множество покупателей (потребителей). Тем не менее, соотношение количества как тех, так и других достаточно для поддержания конкуренции.
",wikipedia,Wikipedia_new,671,,,,,,,,,0,0.0
"Короткопалая пищуха, или садовая пищуха[1] (Certhia brachydactyla), — вид певчих птиц семейства пищуховых.
 Короткопалая пищуха настолько похожа на свою родственницу, обыкновенную пищуху, что их едва ли можно отличить друг от друга. Она достигает величины 12 см и весит около 11 г. Её острый клюв выгнут вниз и достигает длины 12 мм. Нижняя сторона тела белая, верхняя сторона по окраске напоминает древесную кору, от глаз идёт назад светлая полоска. Самцы и самки окрашены одинаково. Относительно длинный хвост служит для опоры, а также для управления в полёте. Звук, издаваемый короткопалой пищухой, звучит примерно как «тих-тих».
 В отличие от своего близкого сородича, короткопалая пищуха предпочитает лиственные леса, парки и сады с фруктоносными деревьями. Её ареал простирается на протяжении всего года от Европы до Северной Африки.
",Короткопалая пищуха,"Короткопалая пищуха, или садовая пищуха[1] (Certhia brachydactyla), — вид певчих птиц семейства пищуховых.
 Короткопалая пищуха настолько похожа на свою родственницу, обыкновенную пищуху, что их едва ли можно отличить друг от друга. Она достигает величины 12 см и весит около 11 г. Её острый клюв выгнут вниз и достигает длины 12 мм. Нижняя сторона тела белая, верхняя сторона по окраске напоминает древесную кору, от глаз идёт назад светлая полоска. Самцы и самки окрашены одинаково. Относительно длинный хвост служит для опоры, а также для управления в полёте. Звук, издаваемый короткопалой пищухой, звучит примерно как «тих-тих».
 В отличие от своего близкого сородича, короткопалая пищуха предпочитает лиственные леса, парки и сады с фруктоносными деревьями. Её ареал простирается на протяжении всего года от Европы до Северной Африки.
",wikipedia,Wikipedia_new,840,,,,,,,,,0,0.0
"Ива́н Алексе́евич Га́рднер (нем. Johann von Gardner, в монашестве Фили́пп; 10 (22) декабря 1898 (1898-12-22), Севастополь — 26 февраля 1984, Мюнхен) — историк, исследователь русского церковного пения, православный регент. В 1942—1944 годах — епископ Потсдамский Филипп, викарий Берлинской епархии Русской Зарубежной Церкви.
 Начальное образование получил дома, где его воспитанием занимались гувернантки-француженки. С малых лет овладел французским языком, на котором говорила и его мать[1]. Церковным пением — практически и теоретически — занимался с 14-летнего возраста. В России окончил регентские курсы.
 В эмиграции с 1920 года. В 1922 году поступил на православный богословский факультет Белградского университета. Во время учёбы в университете уделял много времени изучению литургики и духовной музыки. Одновременно с университетом, проходил курс музыкальной школы (хоровое дело, композиция). 27 февраля 1928 года защитил диплом на богословском факультете[2].
","Гарднер, Иван Алексеевич","Ива́н Алексе́евич Га́рднер (нем. Johann von Gardner, в монашестве Фили́пп; 10 (22) декабря 1898 (1898-12-22), Севастополь — 26 февраля 1984, Мюнхен) — историк, исследователь русского церковного пения, православный регент. В 1942—1944 годах — епископ Потсдамский Филипп, викарий Берлинской епархии Русской Зарубежной Церкви.
 Начальное образование получил дома, где его воспитанием занимались гувернантки-француженки. С малых лет овладел французским языком, на котором говорила и его мать[1]. Церковным пением — практически и теоретически — занимался с 14-летнего возраста. В России окончил регентские курсы.
 В эмиграции с 1920 года. В 1922 году поступил на православный богословский факультет Белградского университета. Во время учёбы в университете уделял много времени изучению литургики и духовной музыки. Одновременно с университетом, проходил курс музыкальной школы (хоровое дело, композиция). 27 февраля 1928 года защитил диплом на богословском факультете[2].
",wikipedia,Wikipedia_new,967,,,,,,,,,0,0.0
"Созве́здия Ве́йгеля — созвездия, предложенные немецким учёным XVII века Эрхардом Вейгелем. Ныне не используются.
 В 1688 году Эрхард Вейгель предложил заменить все созвездия на гербы современных ему царствующих домов. В 1688—1689 годах он издал ряд работ[1], посвящённых этой реформе и известных под общим названием «Небесная Геральдика» (лат. Coelum Heraldicum). В 1699 году Вейгель сконструировал небесный глобус, на котором вместо созвездий были гербы[2]. Известно несколько экземпляров глобуса Вейгеля разного размера и с разными особенностями[3].
 Так, Большая Медведица у Вейгеля стала Слоном (датским), Орион — Двуглавым орлом (австрийским), Геркулес — Всадником с обнажённым мечом (польским)[1][4]. Вейгель старался располагать гербы на небесной сфере в соответствии с расположением стран на Земле[4].
",Созвездия Вейгеля,"Созве́здия Ве́йгеля — созвездия, предложенные немецким учёным XVII века Эрхардом Вейгелем. Ныне не используются.
 В 1688 году Эрхард Вейгель предложил заменить все созвездия на гербы современных ему царствующих домов. В 1688—1689 годах он издал ряд работ[1], посвящённых этой реформе и известных под общим названием «Небесная Геральдика» (лат. Coelum Heraldicum). В 1699 году Вейгель сконструировал небесный глобус, на котором вместо созвездий были гербы[2]. Известно несколько экземпляров глобуса Вейгеля разного размера и с разными особенностями[3].
 Так, Большая Медведица у Вейгеля стала Слоном (датским), Орион — Двуглавым орлом (австрийским), Геркулес — Всадником с обнажённым мечом (польским)[1][4]. Вейгель старался располагать гербы на небесной сфере в соответствии с расположением стран на Земле[4].
",wikipedia,Wikipedia_new,810,,,,,,,,,0,0.0
"Торрацца-Пьемонте (итал. Torrazza Piemonte) — коммуна в Италии, располагается в регионе Пьемонт, в провинции Турин.
 Население составляет 2373 человека (2008 г.), плотность населения составляет 264 чел./км². Занимает площадь 9 км². Почтовый индекс — 10037. Телефонный код — 011.
 Покровителем коммуны почитается святой апостол Иаков Старший, празднование 25 июля.
",Торрацца-Пьемонте,"Торрацца-Пьемонте (итал. Torrazza Piemonte) — коммуна в Италии, располагается в регионе Пьемонт, в провинции Турин.
 Население составляет 2373 человека (2008 г.), плотность населения составляет 264 чел./км². Занимает площадь 9 км². Почтовый индекс — 10037. Телефонный код — 011.
 Покровителем коммуны почитается святой апостол Иаков Старший, празднование 25 июля.
",wikipedia,Wikipedia_new,364,,,,,,,,,0,0.0
"Джеймс Га́рфилд Га́рдинер (англ. James Garfield Gardiner, 30 ноября 1883 (1883-11-30) — 2 января 1962) — канадский фермер и политик. Дважды был премьер-министром Саскачевана, а также членом Кабинета министров Канады.
 В 1914 году Гардинер был впервые избран в Законодательное собрание Саскачевана[англ.] и работал министром дорожного строительства (1922—1926) в правительстве Чарльза Э. Даннинга. Затем в 1926 году он сменил Даннинга на посту премьер-министра.
 Активно поддерживая федеральных либералов, его правительство в 1929 потеряло большинство в законодательном органе из-за патронажного скандала. Хотя Консервативная партия заняла меньше мест, ей всё же удалось сформировать «коалиционное правительство» при поддержке некоторых членов Прогрессивной партии и независимых депутатов Законодательного собрания.
","Гардинер, Джеймс Гарфилд","Джеймс Га́рфилд Га́рдинер (англ. James Garfield Gardiner, 30 ноября 1883 (1883-11-30) — 2 января 1962) — канадский фермер и политик. Дважды был премьер-министром Саскачевана, а также членом Кабинета министров Канады.
 В 1914 году Гардинер был впервые избран в Законодательное собрание Саскачевана[англ.] и работал министром дорожного строительства (1922—1926) в правительстве Чарльза Э. Даннинга. Затем в 1926 году он сменил Даннинга на посту премьер-министра.
 Активно поддерживая федеральных либералов, его правительство в 1929 потеряло большинство в законодательном органе из-за патронажного скандала. Хотя Консервативная партия заняла меньше мест, ей всё же удалось сформировать «коалиционное правительство» при поддержке некоторых членов Прогрессивной партии и независимых депутатов Законодательного собрания.
",wikipedia,Wikipedia_new,815,,,,,,,,,0,0.0
"Дашбулаг (азерб. Daşbulaq), в советских русскоязычных источниках также Дашбулак[2], — село в Ходжалинском районе Азербайджана, является центром Дашбулагского сельского административно-территориального округа[3][4].
 По мнению Карла Гана, название «Дашъ-булагъ» означает каменный родник, и происходит от слов «даш» (азерб. داش) — «камень» и «булаҕ» (بولاق) — «родник»[5][привести цитату? 1455 дней].
 Село Дашбулаг является центром Дашбулагского сельского административно-территориального округа Ходжалинского района, при этом в состав этого сельского административно-территориального округа входят также и сёла Бадара, Ханъери, Гаябашы, Сунджинка[3][4].
",Дашбулаг (Ходжалинский район),"Дашбулаг (азерб. Daşbulaq), в советских русскоязычных источниках также Дашбулак[2], — село в Ходжалинском районе Азербайджана, является центром Дашбулагского сельского административно-территориального округа[3][4].
 По мнению Карла Гана, название «Дашъ-булагъ» означает каменный родник, и происходит от слов «даш» (азерб. داش) — «камень» и «булаҕ» (بولاق) — «родник»[5][привести цитату? 1455 дней].
 Село Дашбулаг является центром Дашбулагского сельского административно-территориального округа Ходжалинского района, при этом в состав этого сельского административно-территориального округа входят также и сёла Бадара, Ханъери, Гаябашы, Сунджинка[3][4].
",wikipedia,Wikipedia_new,654,,,,,,,,,0,0.0
"«Верса́льский рома́н» (англ. A Little Chaos — дословно «Небольшой хаос») — британская костюмированная историческая драма 2014 года, повествующая об эпохе правления во Франции Людовика XIV по прозвищу «король-солнце». Фильм был срежиссирован Аланом Рикманом, который также снялся в роли короля. Премьера состоялась на 39-м фестивале в Торонто в сентябре 2014.
 Король Франции Людовик XIV решает перенести свою резиденцию из парижского замка Лувр в строящийся в пригороде Парижа Версаль. В этом ему помогают его придворные архитекторы и садовники, в числе которых оказывается мадам Сабин де Барра — мастер садового искусства. В фильме повествуется о том, как никому не известная до сих пор при дворе садовница получает должность у «короля-солнца» при создании паркового ансамбля Версаля и как ей удаётся весьма успешно справиться с поставленной задачей, преодолевая погодные и географические условия, тернии придворного общества и запретную любовь.
",Версальский роман,"«Верса́льский рома́н» (англ. A Little Chaos — дословно «Небольшой хаос») — британская костюмированная историческая драма 2014 года, повествующая об эпохе правления во Франции Людовика XIV по прозвищу «король-солнце». Фильм был срежиссирован Аланом Рикманом, который также снялся в роли короля. Премьера состоялась на 39-м фестивале в Торонто в сентябре 2014.
 Король Франции Людовик XIV решает перенести свою резиденцию из парижского замка Лувр в строящийся в пригороде Парижа Версаль. В этом ему помогают его придворные архитекторы и садовники, в числе которых оказывается мадам Сабин де Барра — мастер садового искусства. В фильме повествуется о том, как никому не известная до сих пор при дворе садовница получает должность у «короля-солнца» при создании паркового ансамбля Версаля и как ей удаётся весьма успешно справиться с поставленной задачей, преодолевая погодные и географические условия, тернии придворного общества и запретную любовь.
",wikipedia,Wikipedia_new,947,,,,,,,,,0,0.0
"Филип Уде (хорв. Filip Ude, р.3 июня 1986) — хорватский гимнаст, призёр чемпионатов мира, Европы и Олимпийских игр.
 Родился в 1986 году в Чаковце. В 2008 году на Олимпийских играх в Пекине завоевал серебряную медаль в упражнениях на коне, в этом же году стал серебряным призёром чемпионата Европы. В 2009 году завоевал серебряную медаль Средиземноморских игр. В 2010 году занял 5-е место на чемпионате мира. В 2012 году принял участие в Олимпийских играх в Лондоне, но не прошёл квалификацию. В 2014 году стал серебряным призёром чемпионата мира.
","Уде, Филип","Филип Уде (хорв. Filip Ude, р.3 июня 1986) — хорватский гимнаст, призёр чемпионатов мира, Европы и Олимпийских игр.
 Родился в 1986 году в Чаковце. В 2008 году на Олимпийских играх в Пекине завоевал серебряную медаль в упражнениях на коне, в этом же году стал серебряным призёром чемпионата Европы. В 2009 году завоевал серебряную медаль Средиземноморских игр. В 2010 году занял 5-е место на чемпионате мира. В 2012 году принял участие в Олимпийских играх в Лондоне, но не прошёл квалификацию. В 2014 году стал серебряным призёром чемпионата мира.
",wikipedia,Wikipedia_new,548,,,,,,,,,0,0.0
"Искусственный интеллект (ИИ) — это способность компьютерных систем выполнять задачи, которые обычно требуют человеческого интеллекта. Сюда входят обучение, рассуждение, решение проблем, понимание языка и восприятие.",,"Искусственный интеллект (ИИ) — это способность компьютерных систем выполнять задачи, которые обычно требуют человеческого интеллекта. Сюда входят обучение, рассуждение, решение проблем, понимание языка и восприятие.",test_case,validation,215,,"Искусственный интеллект (ИИ) — это способность компьютерных систем выполнять задачи, которые обычно требуют человеческого интеллекта.",Что такое Искусственный интеллект?,,True,34.0,factual,,0,0.0
"Искусственный интеллект (ИИ) — это способность компьютерных систем выполнять задачи, которые обычно требуют человеческого интеллекта. Сюда входят обучение, рассуждение, решение проблем, понимание языка и восприятие.",,"Искусственный интеллект (ИИ) — это способность компьютерных систем выполнять задачи, которые обычно требуют человеческого интеллекта. Сюда входят обучение, рассуждение, решение проблем, понимание языка и восприятие.",test_case,validation,215,,"Сюда входят обучение, рассуждение, решение проблем, понимание языка и восприятие.",Какие основные задачи включает Искусственный интеллект?,,True,55.0,descriptive,,0,0.0
"Глубокое обучение — подраздел машинного обучения, основанный на искусственных нейронных сетях с многими слоями. Оно позволяет моделям обучаться представлению данных с несколькими уровнями абстракции.",,"Глубокое обучение — подраздел машинного обучения, основанный на искусственных нейронных сетях с многими слоями. Оно позволяет моделям обучаться представлению данных с несколькими уровнями абстракции.",test_case,validation,199,,"Глубокое обучение — подраздел машинного обучения, основанный на искусственных нейронных сетях с многими слоями.",Что такое Глубокое обучение?,,True,28.0,factual,,0,0.0
"Глубокое обучение — подраздел машинного обучения, основанный на искусственных нейронных сетях с многими слоями. Оно позволяет моделям обучаться представлению данных с несколькими уровнями абстракции.",,"Глубокое обучение — подраздел машинного обучения, основанный на искусственных нейронных сетях с многими слоями. Оно позволяет моделям обучаться представлению данных с несколькими уровнями абстракции.",test_case,validation,199,,Информация не представлена в тексте.,Какие основные задачи включает Глубокое обучение?,,True,49.0,descriptive,,0,0.0
"Обработка естественного языка (NLP) — область искусственного интеллекта, которая фокусируется на взаимодействии между компьютерами и человеческим языком. Основные задачи включают понимание текста, генерацию текста и перевод.",,"Обработка естественного языка (NLP) — область искусственного интеллекта, которая фокусируется на взаимодействии между компьютерами и человеческим языком. Основные задачи включают понимание текста, генерацию текста и перевод.",test_case,validation,224,,"Обработка естественного языка (NLP) — область искусственного интеллекта, которая фокусируется на взаимодействии между компьютерами и человеческим языком.",Что такое Обработка естественного?,,True,34.0,factual,,0,0.0
"Обработка естественного языка (NLP) — область искусственного интеллекта, которая фокусируется на взаимодействии между компьютерами и человеческим языком. Основные задачи включают понимание текста, генерацию текста и перевод.",,"Обработка естественного языка (NLP) — область искусственного интеллекта, которая фокусируется на взаимодействии между компьютерами и человеческим языком. Основные задачи включают понимание текста, генерацию текста и перевод.",test_case,validation,224,,"Основные задачи включают понимание текста, генерацию текста и перевод.",Какие основные задачи включает Обработка естественного?,,True,55.0,descriptive,,0,0.0
